email_id,password,role
aowenson0@newsvine.com,aRIOKH6pyVqt,general_assembly
ptiuit1@eepurl.com,EHfpyqix,governing_body
bpoznanski2@bravesites.com,4CCdd1,general_assembly
jbutterfill3@ehow.com,02ahEHrxG,governing_body
ogunney4@scientificamerican.com,jWOoH0,user
ybrettel5@youku.com,itTAahIPP,user
gwehnerr6@sciencedaily.com,YZiFVI3sh6,user
hissett7@youku.com,nEyPNDyrs8zx,governing_body
cpotier8@xrea.com,Sir4G2uT3R,general_assembly
cwoodbridge9@engadget.com,rpsgo8c6oV1,governing_body
mkirkbya@vkontakte.ru,KeKgCHex,general_assembly
fcommingsb@issuu.com,rQ61LtzzUDX,general_assembly
dweondc@xrea.com,Pibqdc,general_assembly
raylingd@harvard.edu,7QYeJwt4,finance_manager
oskehane@ovh.net,o5IUxrKTC,user
hperef@simplemachines.org,U7Z8tdCO2dZr,general_assembly
hcuddyg@telegraph.co.uk,3QffuZ,user
mclausiush@google.de,B0GaezP9d,governing_body
vtregidoi@bbc.co.uk,64Od5pBF,user
lrainardj@ifeng.com,KogjsBR,finance_manager
ilatusk@samsung.com,WerIk4joi,finance_manager
hmatysikl@tumblr.com,07Hdcz,governing_body
ehagleym@domainmarket.com,CfegIC7m4D,general_assembly
hluckingsn@yandex.ru,18uIuy875czk,finance_manager
mnodeso@parallels.com,HURdJ6f6X,user
cjanssonp@va.gov,c26Xnn,user
htruswellq@edublogs.org,d3k3Ajq96P,finance_manager
dskellenr@msu.edu,KsG7MfvKrTm,governing_body
mduffins@multiply.com,ifdwsb311,general_assembly
eagirret@senate.gov,rZFVjsb,user
wnelthorpeu@t.co,gYbBNvu,general_assembly
mburburoughv@constantcontact.com,m1wGXLE2ss1,finance_manager
mtrillow@toplist.cz,7cE8KLpEg9JW,finance_manager
croggersx@yale.edu,RdamLB,general_assembly
mmcviey@bbc.co.uk,2bPk0sLWwLf,user
jpaasoz@hexun.com,6lLHSChAix,governing_body
bcorneck10@dailymail.co.uk,ditrI9s,governing_body
geayres11@alibaba.com,1sFO6PZQByz,user
odumbleton12@infoseek.co.jp,46bg37o,user
csandland13@dailymotion.com,vooAN7a,governing_body
eblaney14@berkeley.edu,nI6UwcMOxHe,user
eoleahy15@nydailynews.com,p9Gfj7e,governing_body
cexroll16@yandex.ru,mNsHg8B,governing_body
tpasfield17@who.int,8DFoImRgaH,finance_manager
cwayte18@springer.com,wnQu2pc,user
mguild19@reference.com,aaacp2ht6,finance_manager
gbirdall1a@wisc.edu,aM1CX3j4,governing_body
ytallquist1b@scribd.com,Qbc1DKWblHPD,finance_manager
ayaakov1c@npr.org,kBVhTf,finance_manager
mgulliman1d@sciencedaily.com,UQZ5lve2Cou0,finance_manager
